Domain,Title,Description
clutch.co,Just a moment...,No description
www.justdial.com,Access Denied,No description
www.goodfirms.co,Just a moment...,No description
www.naukri.com,,No description
selectedfirms.co,Best IT Services Companies in Delhi NCR | Reviews | Reviews | September 2024,Searching for the Top IT companies in Delhi? Check our curated list of the best IT companies in Delhi NCR based on verified reviews and ratings.
www.ambitionbox.com,Access Denied,No description
www.midaswebtech.com,"IT Consulting Services in Delhi, NCR, India","Reach out to Midas for latest web development, application management, software development and digital marketing services. Our turnkey IT services are devised to serve your business requirements."
www.designrush.com,Attention Required! | Cloudflare,No description
www.panindia.in,IT Consulting Services Company in India | IT Project Consulting Services in Delhi NCR,"Looking for a IT Consulting  Company in India, Visit Pan India Internet Pvt Ltd. We offer IT Project IT Project Consulting Services in Delhi NCR. Visit to us for the best IT strategies that drive business growth."
www.techasoft.com,Top 50 IT Companies In Delhi,Searching for IT Companies in Delhi? Here is a list of the top IT and software companies in Delhi which are an excellent option and trustworthy one in this city.
exclserv.in,Not Acceptable!,No description
dir.indiamart.com,"IT Consultancy Services in Delhi, आईटी कंसल्टेंसी, दिल्ली - Firms & Companies in Delhi",No description
growthhubconsultants.com,Best IT Recruitment Consultancy in Delhi NCR / IT Palcement agency in Delhi,"Find the best Recruitment Consultancy in Delhincr, Placement agency or recruitment Agency in Delhi. Hurry Up Apply today! "
sunishttechnologies.com,"IT Consultancy in Delhi NCR, Noida, Gurugram, India - Sunisht Technologies","Sunisht Technologies provides the best IT Consultancy Services in Delhi NCR, Noida, Gurugram, Ghaziabad, India. We are one of the leading Information Technology consulting firms in India."
in.linkedin.com,No title,No description
www.consultancy.in,403,No description
www.naukri.com,No title,No description
www.lek.com,New Delhi | L.E.K. Consulting,No description
btconsultancy.co.in,"IT Recruitment Agency in India | IT Job Consultancy Delhi, Noida","BT Consultancy IT recruitment agency and job consultancy India. Our focus is to serve the best employees in Delhi, Noida."
themanifest.com,The Best IT Services Companies in Delhi - Sep 2024 | The Manifest,"Find the best IT Services company for your needs. Learn about IT Services vendor pricing, industry expertise, & read review summaries."
wellfound.com,wellfound.com,No description
www.f6s.com,Checking your browser,No description
www.quora.com,Who are the best IT consulting firms in Delhi? - Quora,· To find the best IT consulting service provider look if the consulting firm you&#039;re thinking about have experience pertinent to your particular requirements? Does the IT consulting firm you&#039;re investigating have a past filled with progress? · sea...
www.bcg.com," Contact Us | New Delhi Office, India | BCG","Find directions, telephone numbers, and meet key contacts for BCG’s New Delhi office."
www.zs.com,ZS Delhi office | Where We Work,"Since our opening of this office in 2014, we have focused strongly on collaboration and augmenting knowledge, serving clients in the pharma domain."
crm.consulting,Top 10 Salesforce Consulting Companies in Delhi | September 2024,Best Salesforce Consultants in Delhi - September 2024. Looking for the best Salesforce Consulting companies? Here's the best Salesforce Consultants list with reviews.
www.indiamart.com,IT Consulting Solutions in New Delhi | ID: 23744219448,"Unique Computech offering IT Consulting Solutions in New Delhi, Delhi. Get best quote, read reviews and find contact details | ID: 23744219448"
in.linkedin.com,No title,No description
www.tcs.com,Tata Consultancy Services: Driving Innovation and Building on Belief,"TCS, a global leader in IT services, consulting, and business solutions, leverages technology for business transformation and helps catalyze change. Learn more."
www.cornerstone-group.com,403 Forbidden,No description
www.tofler.in,"Top 10 Consulting Companies in Delhi, NCR | Tofler",No description
www.upwork.com,Just a moment...,No description
www.quora.com,What are some of the best consultancies for IT jobs in Delhi/NCR? - Quora,"I presume that you are already well known, have a reputation, and have a huge established clientele. And that you are seeking help from such a commanding position, to sift and separate out the best of the offers., from the others which are “Inadeq..."
www.kanvic.com,Top strategy and management consulting firm in India | Delhi NCR | Mumbai | Chicago | Paris,"Kanvic is a leading management consulting firm in India. We advise companies on business strategy, transformation, sales and marketing, and digital transformation across FMCG, Consumer Goods, Industrial Goods, Retail & Healthcare sectors."
hireglocal.com,Not Acceptable!,No description
www.bain.com,New Delhi | Bain & Company,"In 2006, Bain's New Delhi office opened in the bustling suburb of Gurgaon, just shy of 20 miles from the capital. The office’s rapid-growth mentality mirrors that of the city, which is widely known as a financial and technological hotspot."
omsaigroupconsultancy.com,Top 10 Consultancy Services in Delhi NCR |,Researched list on top 10 consultancy services in Delhi NCR. You can hire any of these companies for verified candidates. Get best manpower service in Noida
www.flysquaresolution.com,Not Acceptable!,No description
www.iimjobs.com,"Consulting Jobs,  Job Vacancies for Consulting in October 2024 | iimjobs.com",Apply to  Consulting Jobs on iimjobs.com. Find high paying premium job openings with salary details in major cities in India.
radiant.in,"Radiant: Network Consulting Services | IT Consulting Services in Delhi, india",Radiant is System Integrator & IT network consultant in Delhi offers IT & network consulting services in India. call at +91-11-46515639/40
www.synechron.com,Synechron: Technology and AI Consulting for Business,Synechron is an innovative global consulting firm delivering industry-leading digital solutions to transform and empower businesses.
www.frog.co,"frog Delhi | Reinvention and Experience partner | Strategy, Innovation, Consulting | frog, part of Capgemini Invent",frog is a strategy and innovation agency in Delhi. We help you create business strategies to realize market-changing ideas and build better products.
www.delhiconsultancy.co.in,"Delhi Consultancy,Placement Consultants in Delhi,Consultancy Services,Manpower Consultants India","Delhi Consultancy Services - providing Network Consultancy Services in delhi, we are offering Enterprise Solution, Corporate Training Services,Network Consulting Services in india, online Recruitment Agencies, Manpower Consultancy Services, providing Enterprise Solution services from india, wealso provide wide range of IT and HR consulting including onsite, offsite and offshore resources in delhi, Placement Consultancy company in india"
www.facebook.com,Axis consultant | Delhi ,"Axis consultant, दिल्ली. 6,985 पसंद · 4 यहाँ थे. Hiring graduates, Undergraduate and BTech candidates for all International BPO in Delhi NCR"
www.glassdoor.co.in,No title,No description
www.sulekha.com,"Top IT Job Consultants in Delhi, Recruiters | Sulekha Delhi","IT Job Consultants in Delhi. Find the best IT placement consultants, recruitment companies, job agencies, IT jobs in Delhi and get IT job consultancy, recruiters, recruitment firms contact addresses, phone numbers, ratings, reviews and Sulekha score instantly to your mobile."
shriramits.in,IT Consulting Service in Delhi NCR | Shriram IT Solutions,Get expert IT Consulting Service in Delhi NCR with Shriram IT Solutions. Providing strategic guidance and innovative solutions for your business success.
www.valuecoders.com,Top 13 IT Consulting Companies in India,"Here is the list of the top 13 IT Strategy Consulting Firms based on price like IT Horizons-$50-$99, ValueCoders-$15-$25, Mindtree-$150-$199."
careers.bcg.com,Jobs in India | Careers | Boston Consulting Group,"Namaste we are BCG! BCG in India is a powerhouse of leadership development, shaping individuals who go on to tackle impactful and demanding projects, lead renowned global organizations, and spearhead India's and the world's future."
www.manomav.com,Top Construction Project Management Consultancy in Delhi NCR,"Looking for construction project manager in Delhi NCR then, consult with our skilled consultants who will guide you for best construction processes."
Domain,Title,Description
clutch.co,Just a moment...,No description
www.goodfirms.co,Just a moment...,No description
www.designrush.com,Attention Required! | Cloudflare,No description
www.ambitionbox.com,Access Denied,No description
www.techasoft.com,Top 50 IT Companies In Delhi,Searching for IT Companies in Delhi? Here is a list of the top IT and software companies in Delhi which are an excellent option and trustworthy one in this city.
www.glassdoor.co.in,No title,No description
www.naukri.com,,No description
themanifest.com,The Best IT Services Companies in Delhi - Sep 2024 | The Manifest,"Find the best IT Services company for your needs. Learn about IT Services vendor pricing, industry expertise, & read review summaries."
www.linkedin.com,Top 10 IT Services and Software Consulting Companies,"Explore the top 10 IT services and software consulting companies in India, renowned for their innovative solutions and expert consulting."
www.pyramidions.com,Top IT Companies in Delhi - 2024,Explore the Top IT Companies in Delhi for 2024: Unveiling Delhi's Booming IT Powerhouses and Shaping Your Tech Journey.
www.valuecoders.com,Top 13 IT Consulting Companies in India,"Here is the list of the top 13 IT Strategy Consulting Firms based on price like IT Horizons-$50-$99, ValueCoders-$15-$25, Mindtree-$150-$199."
www.consultancy.in,403,No description
builtindelhi.in,20 Top IT Companies in Delhi | Built In Delhi,"Ranging from local standouts to multinational corporations, this list takes a closer look at the companies that are shaping Delhi’s IT sector."
www.quora.com,Who are the best IT consulting firms in Delhi? - Quora,· To find the best IT consulting service provider look if the consulting firm you&#039;re thinking about have experience pertinent to your particular requirements? Does the IT consulting firm you&#039;re investigating have a past filled with progress? · sea...
crm.consulting,Top 10 Salesforce Consulting Companies in Delhi | September 2024,Best Salesforce Consultants in Delhi - September 2024. Looking for the best Salesforce Consulting companies? Here's the best Salesforce Consultants list with reviews.
www.tofler.in,"Top 10 Consulting Companies in Delhi, NCR | Tofler",No description
www.statista.com,India: leading IT services and consulting companies based on net sales 2024 | Statista,Tata Consultancy Services was the leading information technology services and consulting company in India based on net sales with more than two trillion Indian rupees as of June 2024.
managementconsulted.com,Just a moment...,No description
superbcompanies.com,No title,No description
www.consultingcase101.com,"List of consulting firms in New Delhi, India – Consultingcase101",No description
www.your-space.in,Top 11 Best IT companies in Delhi NCR,Looking for the best IT companies in Delhi NCR? Checkout the list of top IT/software companies that offer high-quality services.
techbehemoths.com,Top 20+ IT Consulting Companies in New Delhi (2024) - TechBehemoths,Discover the best IT Consulting companies in New Delhi. 17 companies are available in this area. Hire the top IT Consulting company in New Delhi for your project!
www.spaceotechnologies.com,Top 10 Software Consulting Companies in 2024,Looking for top software consulting companies to get guidance on IT strategy or technical expertise? Here is a curated list for you.
habr.com,Top IT Consulting Companies In India and USA For Tech Professionals / Habr,The race to become the best IT consulting firm has been at its peak for the last few years. Each and every business requires a top technology consulting company for implementing its IT and development...
https://www.designveloper.com/blog/software-consulting-companies/,Error,"HTTPSConnectionPool(host='www.designveloper.com', port=443): Max retries exceeded with url: /blog/software-consulting-companies/ (Caused by SSLError(SSLCertVerificationError(1, '[SSL: CERTIFICATE_VERIFY_FAILED] certificate verify failed: unable to get local issuer certificate (_ssl.c:1000)')))"
en.wikipedia.org,List of IT consulting firms - Wikipedia,No description
www.myconsultingoffer.org,10 Top IT Consulting Firms: What Makes Them The Best?,Working at one of the top IT consulting firms lets you use your tech skills AND get exposure to cutting-edge projects. Read on to find the right one for you.
www.linkedin.com,Top IT Consulting Services Company,IT consulting companies provide expert advice and guidance to businesses of all sizes on how to best leverage technology to achieve their goals. They can help with a wide range of services
eluminoustechnologies.com,Top 10 IT Consulting Firms in USA to Consider in 2024,"Looking for top IT consulting firms in the USA? Choose from these top IT consulting companies to get strategic planning, expertise, enhanced security & more."
www.theconsultingreport.com,The Top 100 IT Consulting and Services Companies of 2021 | The Consulting Report,No description
www.builtinseattle.com,"Top Seattle, WA Consulting Companies 2024 | Built In Seattle","Check out this list of the top Consulting companies in Seattle, WA. See company benefits, info, interviews and more at Built In Seattle."
itrate.co,Top IT Consulting Companies - Best Consulting IT Firms,Most IT Consulting Services Providers Rely On Decades-Long Expertise And The Extensive Experience. ITRate Listed Only Top-Rated Consultants.
www.builtinchicago.org,14 Chicago-Area IT Consulting Firms to Know | Built In Chicago,Check out these IT consulting firms working around the Chicago area.
caseinterview.com,15 Top Consulting Firms (2024) | Caseinterview,"This is a list of 12 of the top consulting firms. Learn which firm is right for you from detailed descriptions including work-life balance, prestige, and more."
technologymagazine.com,Top 10 Consulting Firms Powering the World of Technology | Technology Magazine,Technology Magazine lists its top technology consulting firms that help businesses succeed in the digital era through innovative strategies and insights
www.f6s.com,Checking your browser,No description
www.consulting.us,403,No description
www.nttdata.com,Home | NTT DATA Group,"NTT DATA helps clients transform through consulting, industry solutions, business process services, IT modernization and managed services."
www.consultancy.org,403,No description
medium.com,Top 10 IT Consulting Companies in India | Medium,"In the ever-evolving landscape of Information Technology, India stands as a hub for innovation and excellence, housing some of the world’s top IT consulting companies. This comprehensive guide…"
www.justdial.com,Access Denied,No description
ascendix.com,Top 17 Salesforce Consulting Companies in the USA in 2024,"Check service offerings, industry and AppExchange app development expertise of the best Salesforce consulting firms in the USA."
www.mobileappdaily.com,403 Forbidden,No description
www.tcs.com,Tata Consultancy Services: Driving Innovation and Building on Belief,"TCS, a global leader in IT services, consulting, and business solutions, leverages technology for business transformation and helps catalyze change. Learn more."
www.theceo.in,Top 10 Software Companies in Delhi,"Top 10 Software Companies in Delhi, here a list of top software companies in Delhi 2021, start your career with top IT company"
www.slalom.com,Slalom Home | Professional Services | Business Consulting,"Slalom is a next-generation professional services & business consulting company creating value at the intersection of business, technology, and humanity."
www.bain.com,Global Management Consulting Firm | Bain & Company,"Bain & Company is a top management consulting firm. We advise leaders on strategy, marketing, organization, operations, IT and M&A, across all industries and geographies."
www.merinoservices.com,IT Consulting Company - Enterprise Software Solutions - Implementation,Merino Consulting Services is a business consulting and IT services company that has a diverse business portfolio in the manufacturing industry across various segments.
www.nobroker.in,The Best It Companies in Delhi and Where to Live Nearby,"Explore the top IT companies in Delhi for 2023, driving innovation and excellence. Find the perfect tech partner for your business growth and digital transformation."
Domain,Title,Description
clutch.co,Just a moment...,No description
www.goodfirms.co,Just a moment...,No description
www.naukri.com,,No description
www.ambitionbox.com,Access Denied,No description
www.justdial.com,Access Denied,No description
selectedfirms.co,Best IT Services Companies in Delhi NCR | Reviews | Reviews | October 2024,Searching for the Top IT companies in Delhi? Check our curated list of the best IT companies in Delhi NCR based on verified reviews and ratings.
www.consultancy.in,403,No description
www.techasoft.com,Top 50 IT Companies In Delhi,Searching for IT Companies in Delhi? Here is a list of the top IT and software companies in Delhi which are an excellent option and trustworthy one in this city.
www.designrush.com,Attention Required! | Cloudflare,No description
techbehemoths.com,Top 20+ IT Consulting Companies in Delhi (2024) - TechBehemoths,Discover the best IT Consulting companies in Delhi. 13 companies are available in this area. Hire the top IT Consulting company in Delhi for your project!
www.midaswebtech.com,"IT Consulting Services in Delhi, NCR, India","Reach out to Midas for latest web development, application management, software development and digital marketing services. Our turnkey IT services are devised to serve your business requirements."
themanifest.com,The Best IT Services Companies in Delhi - Oct 2024 | The Manifest,"Find the best IT Services company for your needs. Learn about IT Services vendor pricing, industry expertise, & read review summaries."
superbcompanies.com,No title,No description
www.f6s.com,Checking your browser,No description
wellfound.com,wellfound.com,No description
www.fticonsulting.com,India | FTI Consulting,FTI Consulting has several consulting offices in India. Find your closest location and contact us with your organization's business advisory needs.
www.valuecoders.com,IT Consulting Firm | IT Consulting Services | ValueCoders™,Boost your business with tailored IT solutions from our experienced IT consultants in India. We offer personalized IT consulting services to help you succeed. Contact us today!
benzne.com,Agile Consulting Services in Delhi: Unlock Business Transformation,SCHEDULE A CALL
mgtechsoft.com,Not Acceptable!,No description
www.linkedin.com,Top 10 IT Services and Software Consulting Companies,"Explore the top 10 IT services and software consulting companies in India, renowned for their innovative solutions and expert consulting."
sunishttechnologies.com,"IT Consultancy in Delhi NCR, Noida, Gurugram, India - Sunisht Technologies","Sunisht Technologies provides the best IT Consultancy Services in Delhi NCR, Noida, Gurugram, Ghaziabad, India. We are one of the leading Information Technology consulting firms in India."
crm.consulting,Top 10 Salesforce Consulting Companies in Delhi | September 2024,Best Salesforce Consultants in Delhi - September 2024. Looking for the best Salesforce Consulting companies? Here's the best Salesforce Consultants list with reviews.
www.tofler.in,"Top 10 Consulting Companies in Delhi, NCR | Tofler",No description
www.consultingcase101.com,"List of consulting firms in New Delhi, India – Consultingcase101",No description
www.bain.com,New Delhi | Bain & Company,"In 2006, Bain's New Delhi office opened in the bustling suburb of Gurgaon, just shy of 20 miles from the capital. The office’s rapid-growth mentality mirrors that of the city, which is widely known as a financial and technological hotspot."
www.quora.com,Who are the best IT consulting firms in Delhi? - Quora,· To find the best IT consulting service provider look if the consulting firm you&#039;re thinking about have experience pertinent to your particular requirements? Does the IT consulting firm you&#039;re investigating have a past filled with progress? · sea...
www.valuecoders.com,Top 13 IT Consulting Companies in India,"Here is the list of the top 13 IT Strategy Consulting Firms based on price like IT Horizons-$50-$99, ValueCoders-$15-$25, Mindtree-$150-$199."
www.glassdoor.co.in,No title,No description
www.tcs.com,Tata Consultancy Services: Driving Innovation and Building on Belief,"TCS, a global leader in IT services, consulting, and business solutions, leverages technology for business transformation and helps catalyze change. Learn more."
in.linkedin.com,No title,No description
dir.indiamart.com,"IT Consultancy Services in Delhi, आईटी कंसल्टेंसी, दिल्ली - Firms & Companies in Delhi",No description
www.naukri.com,No title,No description
www.kanvic.com,Top strategy and management consulting firm in India | Delhi NCR | Mumbai | Chicago | Paris,"Kanvic is a leading management consulting firm in India. We advise companies on business strategy, transformation, sales and marketing, and digital transformation across FMCG, Consumer Goods, Industrial Goods, Retail & Healthcare sectors."
getcrr.co.in,Not Acceptable!,No description
www.justdial.com,Access Denied,No description
www.panindia.in,IT Consulting Services Company in India | IT Project Consulting Services in Delhi NCR,"Looking for a IT Consulting  Company in India, Visit Pan India Internet Pvt Ltd. We offer IT Project IT Project Consulting Services in Delhi NCR. Visit to us for the best IT strategies that drive business growth."
en.wikipedia.org,List of IT consulting firms - Wikipedia,No description
www.easyleadz.com,List of Management Consulting Companies in New Delhi,"Get List of Management Consulting Companies in New Delhi with key contacts emails like CEO, CFO, HR Head, Marketing Head for free."
www.zoominfo.com,Access to this page has been denied.,No description
www.protiviti.com,Protiviti India | Business Consulting Firm,"Protiviti India is a global business consulting firm providing IT consulting, Risk & Compliance, Digital Transformation, Internal Audit services."
managementconsulted.com,Just a moment...,No description
www.lusha.com,403 Forbidden,No description
exclserv.in,Not Acceptable!,No description
caseinterview.com,15 Top Consulting Firms (2024) | Caseinterview,"This is a list of 12 of the top consulting firms. Learn which firm is right for you from detailed descriptions including work-life balance, prestige, and more."
www.builtinchicago.org,14 Chicago-Area IT Consulting Firms to Know | Built In Chicago,Check out these IT consulting firms working around the Chicago area.
www.aaroh.com,"IT Consulting Companies in Delhi, India | Technology Consulting Firms",Aaroh Consulting provides IT consulting services to automate and scale up your business.
www.theconsultingreport.com,The Top 100 IT Consulting and Services Companies of 2021 | The Consulting Report,No description
prinknest.com,Best Software Consulting Companies In Delhi India – Prinknest ,Prinknest Software Consulting is a top software consulting firm in India and the U.S.  Assist you to adopt the next-generation of business processes .
www.deftinfosystems.com,Not Acceptable!,No description
www.abcconsultants.in,ABC Consultants: Top Recruitment Services Company in India,"ABC Consultants is the pioneer of organised recruitment services in India hiring leaders for the leading organizations. Being one of the top recruitment firms, we offer end-to-end recruitment solutions across various industries."
Domain,Title,Description
clutch.co,Just a moment...,No description
www.goodfirms.co,Just a moment...,No description
www.justdial.com,Access Denied,No description
www.ambitionbox.com,Access Denied,No description
www.consultancy.in,403,No description
www.naukri.com,,No description
selectedfirms.co,Best IT Services Companies in Delhi NCR | Reviews | Reviews | October 2024,Searching for the Top IT companies in Delhi? Check our curated list of the best IT companies in Delhi NCR based on verified reviews and ratings.
www.midaswebtech.com,"IT Consulting Services in Delhi, NCR, India","Reach out to Midas for latest web development, application management, software development and digital marketing services. Our turnkey IT services are devised to serve your business requirements."
www.techasoft.com,Top 50 IT Companies In Delhi,Searching for IT Companies in Delhi? Here is a list of the top IT and software companies in Delhi which are an excellent option and trustworthy one in this city.
www.kanvic.com,Top strategy and management consulting firm in India | Delhi NCR | Mumbai | Chicago | Paris,"Kanvic is a leading management consulting firm in India. We advise companies on business strategy, transformation, sales and marketing, and digital transformation across FMCG, Consumer Goods, Industrial Goods, Retail & Healthcare sectors."
www.fticonsulting.com,India | FTI Consulting,FTI Consulting has several consulting offices in India. Find your closest location and contact us with your organization's business advisory needs.
www.designrush.com,Attention Required! | Cloudflare,No description
themanifest.com,The Best Consulting Companies in Delhi - Oct 2024 | The Manifest,"Find the best Consulting company for your needs. Learn about Consulting vendor pricing, industry expertise, & read review summaries."
wellfound.com,wellfound.com,No description
mgtechsoft.com,Not Acceptable!,No description
benzne.com,Agile Consulting Services in Delhi: Unlock Business Transformation,SCHEDULE A CALL
www.valuecoders.com,Top 13 IT Consulting Companies in India,"Here is the list of the top 13 IT Strategy Consulting Firms based on price like IT Horizons-$50-$99, ValueCoders-$15-$25, Mindtree-$150-$199."
sunishttechnologies.com,"IT Consultancy in Delhi NCR, Noida, Gurugram, India - Sunisht Technologies","Sunisht Technologies provides the best IT Consultancy Services in Delhi NCR, Noida, Gurugram, Ghaziabad, India. We are one of the leading Information Technology consulting firms in India."
crm.consulting,Top 10 Salesforce Consulting Companies in Delhi | September 2024,Best Salesforce Consultants in Delhi - September 2024. Looking for the best Salesforce Consulting companies? Here's the best Salesforce Consultants list with reviews.
www.f6s.com,Checking your browser,No description
www.quora.com,Who are the best IT consulting firms in Delhi? - Quora,· To find the best IT consulting service provider look if the consulting firm you&#039;re thinking about have experience pertinent to your particular requirements? Does the IT consulting firm you&#039;re investigating have a past filled with progress? · sea...
www.linkedin.com,Top 10 IT Services and Software Consulting Companies,"Explore the top 10 IT services and software consulting companies in India, renowned for their innovative solutions and expert consulting."
nmsconsulting.com,New Delhi Management Consulting Services | NMS,Our consulting team provides multidisciplinary solutions to complex business challenges faced by foreign companies with operations in India.
www.consultingcase101.com,"List of consulting firms in New Delhi, India – Consultingcase101",No description
www.bain.com,Bain India offices | Bain & Company,"Bain India has been advising clients in India and beyond on their biggest issues and opportunities: strategy, organization, operations, private equity and mergers & acquisitions, across all industries."
www.tofler.in,"Top 10 Consulting Companies in Delhi, NCR | Tofler",No description
www.glassdoor.co.in,No title,No description
en.wikipedia.org,List of IT consulting firms - Wikipedia,No description
getcrr.co.in,Not Acceptable!,No description
infinityexists.co.in,Top 10 job consultancy in Delhi 2024 - Infinity Exists,Hire from the top 10 job consultancy in Delhi 1. Infinity Exists 2. Randstad 3. Om Sai consultants 4. ABC Consultants 5. HR International:
www.naukri.com,No title,No description
www.justdial.com,Access Denied,No description
www.easyleadz.com,List of Management Consulting Companies in New Delhi,"Get List of Management Consulting Companies in New Delhi with key contacts emails like CEO, CFO, HR Head, Marketing Head for free."
dir.indiamart.com,"IT Consultancy Services in Delhi, आईटी कंसल्टेंसी, दिल्ली - Firms & Companies in Delhi",No description
techbehemoths.com,Top 20+ IT Consulting Companies in Delhi (2024) - TechBehemoths,Discover the best IT Consulting companies in Delhi. 13 companies are available in this area. Hire the top IT Consulting company in Delhi for your project!
www.protiviti.com,Protiviti India | Business Consulting Firm,"Protiviti India is a global business consulting firm providing IT consulting, Risk & Compliance, Digital Transformation, Internal Audit services."
managementconsulted.com,Just a moment...,No description
hireglocal.com,Not Acceptable!,No description
pletheonconsulting.com,Not Acceptable!,No description
boardwalkindia.com,Top 5 Real Estate Consulting Companies In Delhi/NCR,A real estate advisory and consultancy firm located in Noida offering directives for research-based real estate consulting services.
www.panindia.in,IT Consulting Services Company in India | IT Project Consulting Services in Delhi NCR,"Looking for a IT Consulting  Company in India, Visit Pan India Internet Pvt Ltd. We offer IT Project IT Project Consulting Services in Delhi NCR. Visit to us for the best IT strategies that drive business growth."
omsaigroupconsultancy.com,Top 10 Consultancy Services in Delhi NCR |,Researched list on top 10 consultancy services in Delhi NCR. You can hire any of these companies for verified candidates. Get best manpower service in Noida
www.myconsultingoffer.org,10 Top IT Consulting Firms: What Makes Them The Best?,Working at one of the top IT consulting firms lets you use your tech skills AND get exposure to cutting-edge projects. Read on to find the right one for you.
www.theconsultingreport.com,The Top 100 IT Consulting and Services Companies of 2021 | The Consulting Report,No description
www.zoominfo.com,Access to this page has been denied.,No description
www.consultancy.in,403,No description
www.tecnovaglobal.com,"India Entry Strategy, Market Research & Consulting Services",Leading India Entry Consulting firm with +40 years of experience helping companies expand their operations into India with India-centric Products & Services.
www.abcconsultants.in,ABC Consultants: Top Recruitment Services Company in India,"ABC Consultants is the pioneer of organised recruitment services in India hiring leaders for the leading organizations. Being one of the top recruitment firms, we offer end-to-end recruitment solutions across various industries."
caseinterview.com,15 Top Consulting Firms (2024) | Caseinterview,"This is a list of 12 of the top consulting firms. Learn which firm is right for you from detailed descriptions including work-life balance, prestige, and more."
www.ambitionbox.com,Access Denied,No description
Domain,Title,Description
www.designrush.com,Attention Required! | Cloudflare,No description
www.goodfirms.co,Just a moment...,No description
themanifest.com,The Best IT Services Companies in Delhi - Oct 2024 | The Manifest,"Find the best IT Services company for your needs. Learn about IT Services vendor pricing, industry expertise, & read review summaries."
c9soft.com,Not Acceptable!,No description
clutch.co,Just a moment...,No description
systemsgo.asia,No title,No description
www.techasoft.com,Top 50 IT Companies In Delhi,Searching for IT Companies in Delhi? Here is a list of the top IT and software companies in Delhi which are an excellent option and trustworthy one in this city.
www.progressive.in,"IT Company in Delhi, NCR | Progressive Infotech",Partner with one of the most trusted IT companies in Delhi and eliminate IT issues with comprehensive managed IT services to secure your business operations.
www.naukri.com,,No description
www.wroffy.com,Managed IT Services India | IT Solutions Provider | Gurgaon & Delhi,"Wroffy is leading Managed IT Services Provider in India provides cost effective, flexible and scalable IT Solutions & IT Support in Gurgaon, Delhi & Noida."
www.your-space.in,Top 11 Best IT companies in Delhi NCR,Looking for the best IT companies in Delhi NCR? Checkout the list of top IT/software companies that offer high-quality services.
www.justdial.com,Access Denied,No description
www.ambitionbox.com,Access Denied,No description
itssin.com,Not Acceptable!,No description
www.pyramidions.com,Top IT Companies in Delhi - 2024,Explore the Top IT Companies in Delhi for 2024: Unveiling Delhi's Booming IT Powerhouses and Shaping Your Tech Journey.
www.glassdoor.co.in,No title,No description
www.justdial.com,Access Denied,No description
tracxn.com,No title,No description
www.techquenchsolution.com,Best IT Soution Company Services | IT Company Services,Techquench is an award-winning IT Solution Company. Techquench is the Top Leading next-generation providing IT Company Services in Delhi.
dir.indiamart.com,"IT Solutions, IT Distribution Services in Delhi, इट सॉल्यूशन्स, दिल्ली",No description
www.naukri.com,No title,No description
builtindelhi.in,20 Top IT Companies in Delhi | Built In Delhi,"Ranging from local standouts to multinational corporations, this list takes a closer look at the companies that are shaping Delhi’s IT sector."
www.linkedin.com,"Top 30 Tech Companies in Delhi-NCR

",Deciding Factors: Here are the factors I have considered to select a good product based Tech (mainly IT / Software) company: 1. Toughness of interviews (Quality of Developers they hire) 2.
traffictail.com,Top IT Companies In Delhi,"From startups to global giants, Delhi's IT sector is booming! Discover the top IT companies in Delhi & find your dream tech job in India's tech hub."
dir.indiamart.com,"IT Helpdesk Service, Technical Helpdesk Support in Delhi, आईटी हेल्पडेस्क सर्विस, दिल्ली",No description
www.nobroker.in,The Best It Companies in Delhi and Where to Live Nearby,"Explore the top IT companies in Delhi for 2023, driving innovation and excellence. Find the perfect tech partner for your business growth and digital transformation."
www.easyleadz.com,List of Information Technology (IT) Companies in New Delhi,"Get List of Information Technology (IT) Companies in New Delhi with key contacts emails like CEO, CFO, HR Head, Marketing Head for free."
www.bain.com,New Delhi | Bain & Company,"In 2006, Bain's New Delhi office opened in the bustling suburb of Gurgaon, just shy of 20 miles from the capital. The office’s rapid-growth mentality mirrors that of the city, which is widely known as a financial and technological hotspot."
wellfound.com,wellfound.com,No description
new-delhi.infoisinfo.co.in,The 10 Best Computer Services and Technical Support in Delhi (New Delhi),"Best Computer Technical Support in Delhi (New Delhi). Find phone numbers, address, opening hours and reviews of the top Computer Technical Support in Delhi (New Delhi)."
cutshort.io,"11+ Tech Support Jobs in Delhi, NCR and Gurgaon | Tech Support Job openings in Delhi, NCR and Gurgaon | Cutshort","Apply to 11+ Tech Support Jobs in Delhi, NCR and Gurgaon on CutShort.io. Explore the latest Tech Support Job opportunities across top companies like Google, Amazon & Adobe."
www.infiegrity.com,IT Infrastructure & Managed IT Service Provider in Delhi,Find IT infrastructure managed services in Delhi. we are one of the best it managed services companies in Delhi. Call now at +91 997-920-2078.
www.midaswebtech.com,"Best Web Development Services & Company in Delhi, NCR, India",Responsive and best custom web development services company from india and abroad. Our Delhi NCR based Midaswebtech are aimed to enhance your business
www.crossover.com,Crossover,No description
blog.internshala.com,Top 12 IT Companies in Delhi for 2024 | Internshala,Discover the list of top Top IT Companies in Delhi for 2024. Learn about salary packages and employee benefits to steer your professional journey.
in.kompass.com,kompass.com,No description
www.movate.com,"Movate - IT Services, Digital Transformation, Tech Support and CX","Movate: IT Services, Digital Experience, Outsourcing, Customer Service. Empowering with Infrastructure, Engineering, Enterprise Product Services."
zindagitech.com,Zindagi technologies – Cloud Solutions | Cybersecurity Services | Managed IT Services | DevOps Services,No description
www.marriott.com,"Hotel in Delhi | Le Méridien Gurgaon, Delhi NCR","Reserve your stay at Le Méridien Gurgaon, Delhi NCR, a luxury hotel in Delhi with chic accommodations, an on-site spa, an outdoor pool and excellent dining."
www.syswareinfotech.com,AMC Services in delhi - AMC Services in delhi ncr - Computer AMC Services in delhi,Maintained all your laptop and computer as per the new technology. We are done the updation and upgradation all software and hardware 
www.techquenchsolution.com,Best IT Solution and Services Company in Delhi NCR - Techquench,"Techquench Solution is the Best IT Solution Company located in Delhi NCR, We provide complete IT Solution Services. Business Growth, Increase ROI, Great Results "
in.indeed.com,Blocked - Indeed.com,No description
mndtechsolutions.com,Not Acceptable!,No description
services.global.ntt,Delhi NCR data centers | NTT,Our Delhi NCR data centers are perfectly situated to meet the data center requirements of local enterprises and government organizations. Learn more. 
www.amazon.jobs,"Delhi, India | Amazon.jobs","Capital of empires for thousands of years, Delhi remains a commercial, cultural, and political center.

The city’s two distinct areas – Old and New Delhi – represent its ties to history and culture, as well as it’s modern presence on a global stage. Monuments and places of worship coexist with leisure centers, restaurants, and sports venues.

Our expanding network of fulfillment centers serves our customers in the region and creates thousands of valuable jobs. Our corporate offices give our employees all they need to think big and innovate.

Are you ready to take this challenge? Apply now and start a great career with Amazon."
appwrk.com,Not Acceptable!,No description
www.zs.com,ZS Delhi office | Where We Work,"Since our opening of this office in 2014, we have focused strongly on collaboration and augmenting knowledge, serving clients in the pharma domain."
https://www.cushmanwakefield.com/en/india/offices/delhi-ncr,Error,"HTTPSConnectionPool(host='www.cushmanwakefield.com', port=443): Max retries exceeded with url: /en/india/offices/delhi-ncr (Caused by SSLError(SSLCertVerificationError(1, '[SSL: CERTIFICATE_VERIFY_FAILED] certificate verify failed: unable to get local issuer certificate (_ssl.c:1000)')))"
www.theceo.in,Best IT Companies in Delhi NCR to work | The CEO Magazine India,"Best IT Companies in Delhi NCR to work , If you are in Delhi & looking for job in IT company, then consider these companies."
Domain,Title,Description
www.designrush.com,Attention Required! | Cloudflare,No description
selectedfirms.co,Best IT Services Companies in Delhi NCR | Reviews | Reviews | October 2024,Searching for the Top IT companies in Delhi? Check our curated list of the best IT companies in Delhi NCR based on verified reviews and ratings.
www.goodfirms.co,Just a moment...,No description
www.exactitsolutions.com,Exact IT Solutions Pvt. Ltd. | Best IT Company in Delhi NCR India,"Exact IT Solutions Pvt. Ltd. is best software development company in Delhi NCR, India. One of the best solution provider to your business"
www.ncritsolutions.com,Not Acceptable!,No description
in.linkedin.com,No title,No description
itsipl.com,No title,No description
themanifest.com,The Best IT Services Companies in Delhi - Oct 2024 | The Manifest,"Find the best IT Services company for your needs. Learn about IT Services vendor pricing, industry expertise, & read review summaries."
www.techquenchsolution.com,Best IT Solution and Services Company in Delhi NCR - Techquench,"Techquench Solution is the Best IT Solution Company located in Delhi NCR, We provide complete IT Solution Services. Business Growth, Increase ROI, Great Results "
www.justdial.com,Access Denied,No description
itssin.com,Not Acceptable!,No description
clutch.co,Just a moment...,No description
dir.indiamart.com,"IT Solutions, IT Distribution Services in Delhi, इट सॉल्यूशन्स, दिल्ली",No description
www.your-space.in,Top 11 Best IT companies in Delhi NCR,Looking for the best IT companies in Delhi NCR? Checkout the list of top IT/software companies that offer high-quality services.
www.naukri.com,,No description
www.omitsolution.co.in,"
	OM IT Solutions | leading laptop Repair center in delhi NCR
",OM IT Solutions | leading laptop Repair center in delhi NCR
mndtechsolutions.com,Not Acceptable!,No description
shriramits.in,IT Solutions Company In Delhi NCR | IT Solution Company in Gurgaon | Shriram IT Solutions,Looking for an IT Solutions Company in Delhi NCR and Gurgaon? Shriram IT Solutions offers innovative IT services and comprehensive technology solutions. Trusted partner.
www.quora.com,What are the top 10 IT companies in the Delhi/NCR region? - Quora,"I am above 41 years of age and possess 15+ years of experience in various verticals of IT. My contentions are: 1. 70 percent of them or even more are frauds, big frauds. I repeat 2. Except except except I repeat branded names and few established c..."
takshitsolutions.com,"Software Development Company in Noida, Delhi NCR | Taksh IT Solutions Pvt. Ltd.","Taksh IT Solutions is one of the best MLM Software Development Company in Noida, Delhi NCR. Also, we offer ERP Software, Crypto Software, CRM and E-commerce Software Development."
www.pyramidions.com,Top IT Companies in Delhi - 2024,Explore the Top IT Companies in Delhi for 2024: Unveiling Delhi's Booming IT Powerhouses and Shaping Your Tech Journey.
www.itssin.com,Not Acceptable!,No description
www.exactitsolutions.com,Web Design & Development Company in Delhi NCR | Website Development Company in India,"Exact IT Solutions is one the best web design company in Delhi NCR, India. Our services includes web designing web development, Customized website Development, Ecommerce solutions, CMS(Content Management System), logo design etc."
builtindelhi.in,20 Top IT Companies in Delhi | Built In Delhi,"Ranging from local standouts to multinational corporations, this list takes a closer look at the companies that are shaping Delhi’s IT sector."
www.omniscientitsolutions.com,"Total IT Solution and Software Development Company and Consultancy in Karol Bagh, Delhi","Omniscient IT Solution LLP. is a Total IT Solution Company that will excel your business with Latest Technologies, Softwares. OITSLLP provide customized Softwares with unique services. Contact us now!!"
www.midaswebtech.com,"Web Development | Software Development Company in Delhi, NCR, India","Midas IT Services is an ISO German certified IT company in web development, software development, mobile application, website designing services."
www.directitsolution.com,"
	DIRECT IT SOLUTION LOCATIONS IN DELHI NCR INDIA
",No description
appwrk.com,Not Acceptable!,No description
www.cinntra.com,Not Acceptable!,No description
www.glassdoor.co.in,No title,No description
www.mydigitalhp.com,"Best Digital Marketing and Website Development Company in Noida, Delhi/NCR","Mydigitalhp is a leading Software and Website Development Company in Noida, Delhi NCR. We have core expert for Software development, Mobile app development, Digital Marketing, Ecommerce development and Website development etc."
www.acwits.com,"Website Designing Company in Noida Delhi NCR India, SEO Agency Noida","Web development company in Noida, Acwits is best web designing, mobile app development, SEO services, digital marketing company in Noida Delhi NCR India. Get web application development, digital marketing services, B2B and B2C Portal services, brand building services at affordable price"
www.sitsol.in,Not Acceptable!,No description
www.facebook.com,MGS Global it Solutions Delhi NCR | Delhi ,"MGS Global it Solutions Delhi NCR, दिल्ली. 617 पसंद. MGS Global shall provide the highest quality computer products and premium services to our clients...."
www.justdial.com,Access Denied,No description
www.escalesolutions.com,"Website Designing and Development Company in Delhi NCR, India | Web Solution Company",No description
in.linkedin.com,No title,No description
www.directitsolution.com,"
	Web Development | Website Designing Company in Noida Delhi NCR | Website Designing Company In Delhi| Best Web Design| Branding Agency India
","""DIS® Direct IT Solution  is one of the best and recognized website designing , software development  mobile app development company in  and Delhi NCR INDIA ASIA region. Awarded Company ISO Certified company   Ranked As Top Website Development Companies SEO Services responsive Website."
www.omniscientitsolutions.com,"Portfolio of IT Solutions Company in Karol Bagh, Delhi, India","Check out Exclusive Clients for which OITSLLP is their indispensable, online partner in Digital Transformation. You can also be from one of those. So, Contact us Now!!"
www.ironmountain.com,403 Forbidden,No description
www.midaswebtech.com,"Best Web Development Services & Company in Delhi, NCR, India",Responsive and best custom web development services company from india and abroad. Our Delhi NCR based Midaswebtech are aimed to enhance your business
www.techquenchsolution.com,Best IT Soution Company Services | IT Company Services,Techquench is an award-winning IT Solution Company. Techquench is the Top Leading next-generation providing IT Company Services in Delhi.
www.igtsolutions.com,Digital Transformation Services | Customer Experience Consulting Company,IGT Solutions is a next-gen customer experience company delivering digital transformation services to global brands using digital technologies.
iverticals.in,"
	 MLM Software | Network Marketing Software Delhi India | Online Exam Software Companies Delhi NCR, E commerce Software, Website Developers Delhi NCR, Noida 
","iVerticals is only one company that provide best mlm software development and services in India and abroad, tracking software in leading Network marketing MLM, direct selling mlm Software Solution Noida, Delhi, Patna, Allahabad. Web IT Experts a leading web design and web development company in India. Hire us for responsive and e-commerce website designing & development."
www.ncr.com,NCR Voyix and NCR Atleos,NCR has separated into two separate and distinct companies: NCR Voyix and NCR Atleos.
services.global.ntt,Delhi NCR data centers | NTT,Our Delhi NCR data centers are perfectly situated to meet the data center requirements of local enterprises and government organizations. Learn more. 
www.nitsotech.com,Best Payroll Software In Delhi NCR Nitso Technologies 2024,"Simplify & automate all aspects of managing your team, including hiring, paying & overseeing contractors with best Payroll Software in Delhi NCR."
medium.com,Top 15 IT Companies in Delhi-NCR [2024] | Medium,"As of 2024, the top 15 IT companies in the Delhi-NCR: #1 SYNARION IT SOLUTIONS. #2 TCS. #3 Wipro. #4 Experion Technologies. #5 Algoworks. #6 Infosys. #7 Techasoft"
www.softwaresuggest.com,Attention Required! | Cloudflare,No description
Domain,Title,Description
clutch.co,Just a moment...,No description
www.justdial.com,Access Denied,No description
www.goodfirms.co,Just a moment...,No description
www.naukri.com,,No description
www.sulekha.com,"Top IT Job Consultants in Delhi, Recruiters | Sulekha Delhi","IT Job Consultants in Delhi. Find the best IT placement consultants, recruitment companies, job agencies, IT jobs in Delhi and get IT job consultancy, recruiters, recruitment firms contact addresses, phone numbers, ratings, reviews and Sulekha score instantly to your mobile."
www.midaswebtech.com,"IT Consulting Services in Delhi, NCR, India","Reach out to Midas for latest web development, application management, software development and digital marketing services. Our turnkey IT services are devised to serve your business requirements."
btconsultancy.co.in,"IT Recruitment Agency in India | IT Job Consultancy Delhi, Noida","BT Consultancy IT recruitment agency and job consultancy India. Our focus is to serve the best employees in Delhi, Noida."
www.justdial.com,Access Denied,No description
selectedfirms.co,Best IT Services Companies in Delhi NCR | Reviews | Reviews | October 2024,Searching for the Top IT companies in Delhi? Check our curated list of the best IT companies in Delhi NCR based on verified reviews and ratings.
www.7consultancy.in,7: IT Recruitment Agency in Delhi,We are one of the Top Best IT Recruitment Agency in Delhi. We do have dedicated recruitment team for IT Industry Recruitment.
www.hawkhire.in,"Best IT Recruitment Agencies in Delhi Ncr, Gurgaon Noida","Are you searching for IT Recruitment agencies in Gurgaon? HawkHire is the best IT recruitment agency in Delhi, Noida, Bangalore, Hyderabad, India."
dir.indiamart.com,"IT Consultancy Services in Delhi, आईटी कंसल्टेंसी, दिल्ली - Firms & Companies in Delhi",No description
www.ambitionbox.com,Access Denied,No description
growthhubconsultants.com,Best IT Recruitment Consultancy in Delhi NCR / IT Palcement agency in Delhi,"Find the best Recruitment Consultancy in Delhincr, Placement agency or recruitment Agency in Delhi. Hurry Up Apply today! "
www.naukri.com,No title,No description
sunishttechnologies.com,"IT Consultancy in Delhi NCR, Noida, Gurugram, India - Sunisht Technologies","Sunisht Technologies provides the best IT Consultancy Services in Delhi NCR, Noida, Gurugram, Ghaziabad, India. We are one of the leading Information Technology consulting firms in India."
in.linkedin.com,No title,No description
infinityexists.co.in,Top 10 job consultancy in Delhi 2024 - Infinity Exists,Hire from the top 10 job consultancy in Delhi 1. Infinity Exists 2. Randstad 3. Om Sai consultants 4. ABC Consultants 5. HR International:
www.flysquaresolution.com,Not Acceptable!,No description
www.techasoft.com,Top 50 IT Companies In Delhi,Searching for IT Companies in Delhi? Here is a list of the top IT and software companies in Delhi which are an excellent option and trustworthy one in this city.
www.designrush.com,Attention Required! | Cloudflare,No description
www.lek.com,New Delhi | L.E.K. Consulting,No description
www.delhiconsultancy.com,"Delhi Consultancy Services, Consultancy Service in Delhi, Placement Consultants in Delhi, Recruitment Consultancy in Delhi","We offer the entire range of consultancy services across manpower recruitment, training, HRM strategy and process automation solutions"
crm.consulting,Top 10 Salesforce Consulting Companies in Delhi | September 2024,Best Salesforce Consultants in Delhi - September 2024. Looking for the best Salesforce Consulting companies? Here's the best Salesforce Consultants list with reviews.
wellfound.com,wellfound.com,No description
https://aristininja.com/service-view/consultancy/,Error,"HTTPSConnectionPool(host='aristininja.com', port=443): Max retries exceeded with url: /service-view/consultancy/ (Caused by SSLError(SSLCertVerificationError(1, '[SSL: CERTIFICATE_VERIFY_FAILED] certificate verify failed: unable to get local issuer certificate (_ssl.c:1000)')))"
hireglocal.com,Not Acceptable!,No description
www.infinityjobs.in,InfinityJobs: Best Recruitment Agencies in Delhi NCR,Infinity Placement Services: Best Recruitment Agencies in Delhi NCR | Top Recruitment Consultants in Delhi NCR | Executive Search Firm in India
www.upwork.com,Just a moment...,No description
gweka.com,Not Acceptable!,No description
www.consultancy.in,403,No description
eepicmanagement.com,"Placement Consultants in Delhi- Recruitment Agencies in Delhi/Ncr,","EEPIC Management recruitment Placement Agency, HR Recruitment Services in India Provides Manpower Placement Services "
themanifest.com,The Best Consulting Companies in Delhi - Oct 2024 | The Manifest,"Find the best Consulting company for your needs. Learn about Consulting vendor pricing, industry expertise, & read review summaries."
omsaigroupconsultancy.com,Top 10 Consultancy Services in Delhi NCR |,Researched list on top 10 consultancy services in Delhi NCR. You can hire any of these companies for verified candidates. Get best manpower service in Noida
hireglocal.com,Not Acceptable!,No description
www.f6s.com,Checking your browser,No description
www.quora.com,What are some of the best consultancies for IT jobs in Delhi/NCR? - Quora,"I presume that you are already well known, have a reputation, and have a huge established clientele. And that you are seeking help from such a commanding position, to sift and separate out the best of the offers., from the others which are “Inadeq..."
in.linkedin.com,No title,No description
www.reinforcementconsultants.com,"Top Placement Agency in Delhi, India | Job Consultancy Delhi NCR","Reinforcement Consultants gives one of the best organised recruitment services in Delhi, India with an end-to-end recruitment assistance to 14+ industries."
in.indeed.com,Blocked - Indeed.com,No description
www.quora.com,What is the best way for finding the trustable consultants for IT jobs in Delhi/NCR Gurgaon? - Quora,"Thanks for A2A ; A bunch of my friends got job through a Java training centre cum consultant named; &quot;JSPIDERS&quot;. Here I am sharing the details. Contact Number: +91-9810072392 Email: onlineenq@qspiders.com Address: No A- 29, Sector 3, Noida, Gautham..."
boardwalkindia.com,Top 5 Real Estate Consulting Companies In Delhi/NCR,A real estate advisory and consultancy firm located in Noida offering directives for research-based real estate consulting services.
www.kanvic.com,Top strategy and management consulting firm in India | Delhi NCR | Mumbai | Chicago | Paris,"Kanvic is a leading management consulting firm in India. We advise companies on business strategy, transformation, sales and marketing, and digital transformation across FMCG, Consumer Goods, Industrial Goods, Retail & Healthcare sectors."
www.manomav.com,Top Construction Project Management Consultancy in Delhi NCR,"Looking for construction project manager in Delhi NCR then, consult with our skilled consultants who will guide you for best construction processes."
www.panindia.in,IT Consulting Services Company in India | IT Project Consulting Services in Delhi NCR,"Looking for a IT Consulting  Company in India, Visit Pan India Internet Pvt Ltd. We offer IT Project IT Project Consulting Services in Delhi NCR. Visit to us for the best IT strategies that drive business growth."
www.indiamart.com,IT Consulting Solutions in New Delhi | ID: 23744219448,"Unique Computech offering IT Consulting Solutions in New Delhi, Delhi. Get best quote, read reviews and find contact details | ID: 23744219448"
headsupcorporation.com,How does the top HR Consultancy Firms in Delhi NCR Function?,"Discover how the top HR consultancy firms in Delhi NCR operate and excel in talent acquisition, management, and organizational development. Gain insights into their strategies and expertise in optimizing human resources for business success."
radiant.in,"Radiant: Network Consulting Services | IT Consulting Services in Delhi, india",Radiant is System Integrator & IT network consultant in Delhi offers IT & network consulting services in India. call at +91-11-46515639/40
www.delhiconsultancy.co.in,"Delhi Consultancy,Placement Consultants in Delhi,Consultancy Services,Manpower Consultants India","Delhi Consultancy Services - providing Network Consultancy Services in delhi, we are offering Enterprise Solution, Corporate Training Services,Network Consulting Services in india, online Recruitment Agencies, Manpower Consultancy Services, providing Enterprise Solution services from india, wealso provide wide range of IT and HR consulting including onsite, offsite and offshore resources in delhi, Placement Consultancy company in india"
tasolutions.in,Looking for Job Placement Consultants in Delhi - IT Job Consultants in Delhi - T&A Solutions Delhi,"If you are planning to hire the best IT and non IT job consultants in Delhi then T&A HR Solutions is one of the Trusted Placement Consultants in Delhi,"
Domain,Title,Description
www.techasoft.com,Top 50 IT Companies In Delhi,Searching for IT Companies in Delhi? Here is a list of the top IT and software companies in Delhi which are an excellent option and trustworthy one in this city.
www.glassdoor.co.in,No title,No description
www.designrush.com,Attention Required! | Cloudflare,No description
themanifest.com,The Best IT Services Companies in Delhi - Oct 2024 | The Manifest,"Find the best IT Services company for your needs. Learn about IT Services vendor pricing, industry expertise, & read review summaries."
selectedfirms.co,Best IT Services Companies in Delhi NCR | Reviews | Reviews | October 2024,Searching for the Top IT companies in Delhi? Check our curated list of the best IT companies in Delhi NCR based on verified reviews and ratings.
www.linkedin.com,"Top 30 Tech Companies in Delhi-NCR

",Deciding Factors: Here are the factors I have considered to select a good product based Tech (mainly IT / Software) company: 1. Toughness of interviews (Quality of Developers they hire) 2.
builtindelhi.in,20 Top IT Companies in Delhi | Built In Delhi,"Ranging from local standouts to multinational corporations, this list takes a closer look at the companies that are shaping Delhi’s IT sector."
www.your-space.in,Top 11 Best IT companies in Delhi NCR,Looking for the best IT companies in Delhi NCR? Checkout the list of top IT/software companies that offer high-quality services.
www.goodfirms.co,Just a moment...,No description
www.nobroker.in,The Best It Companies in Delhi and Where to Live Nearby,"Explore the top IT companies in Delhi for 2023, driving innovation and excellence. Find the perfect tech partner for your business growth and digital transformation."
www.pyramidions.com,Top IT Companies in Delhi - 2024,Explore the Top IT Companies in Delhi for 2024: Unveiling Delhi's Booming IT Powerhouses and Shaping Your Tech Journey.
wellfound.com,wellfound.com,No description
www.ambitionbox.com,Access Denied,No description
www.reddit.com,Reddit - Dive into anything,No description
wellfound.com,wellfound.com,No description
zolostays.com,Top 15 IT Companies in Delhi - Zolo Blog,Are you an IT fresher looking for jobs in Delhi and NCR? Let’s look at the top 15 IT companies in Delhi that you can work for and grow your career.
www.naukri.com,,No description
blog.internshala.com,Top 12 IT Companies in Delhi for 2024 | Internshala,Discover the list of top Top IT Companies in Delhi for 2024. Learn about salary packages and employee benefits to steer your professional journey.
www.ambitionbox.com,Access Denied,No description
traffictail.com,Top IT Companies In Delhi,"From startups to global giants, Delhi's IT sector is booming! Discover the top IT companies in Delhi & find your dream tech job in India's tech hub."
www.stanzaliving.com,IT Companies in Delhi,The top 15 IT/software companies in Delhi are listed below. Your search will undoubtedly be made easier by this list.
www.reddit.com,Reddit - Dive into anything,No description
moozetech.com,Not Acceptable!,No description
housing.com,Top IT companies in Delhi,"Top IT companies in Delhi: Google, Microsoft, TCS, Amazon, HCL, IBM, HItachi, Wipro, Tech Mahindra, Genpact"
blog.empuls.io,The 10 Best Companies To Work For In Delhi-NCR | Empuls,Discover the specially curated list of 10 best companies to work for in Delhi-NCR.
www.brandveda.in,List of the Top IT Companies in Delhi - Brandveda,"Looking for the top IT companies in Delhi? Our guide highlights the leading players in the industry. Discover their services, strengths, and more."
www.easyleadz.com,List of Information Technology (IT) Companies in New Delhi,"Get List of Information Technology (IT) Companies in New Delhi with key contacts emails like CEO, CFO, HR Head, Marketing Head for free."
rozgar.com,"Explore the Top IT companies in Delhi NCR, with salaries in 2024","Browse the list of the top IT companies in Delhi NCR, along with high salary and growth opportunities for both freshers and experienced candidates"
leetcode.com,Just a moment...,No description
www.scribd.com,Companies in Delhi NCR With Contacts | PDF,"Companies in Delhi NCR With Contacts (1) - Free download as Excel Spreadsheet (.xls), PDF File (.pdf), Text File (.txt) or read online for free. The document contains a list of 266 organizations with their names. It does not provide any other context or information about the organizations."
digitalscholar.in,No Index,No description
medium.com,Top 15 IT Companies in Delhi-NCR [2024] | Medium,"As of 2024, the top 15 IT companies in the Delhi-NCR: #1 SYNARION IT SOLUTIONS. #2 TCS. #3 Wipro. #4 Experion Technologies. #5 Algoworks. #6 Infosys. #7 Techasoft"
datamites.com,What are the Best IT Companies in Delhi? - DataMites Offical Blog,
www.quora.com,What are some good IT companies to work with in NCR region? - Quora,"As Disha Goyal has already covered all the top companies in NCR, Now let&#039;s see some &#039;Good&#039; companies in which there are more chances to get hired for a good as well as average student. 1. TCS 2. Sopra 3. Adobe 4. Flipkart 5. Amazon 6. Mind Tree 7...."
www.justdial.com,Access Denied,No description
grapevine.in,Tech Companies in Delhi NCR- Grapevine,I’m a 2023 graduate working as a SDE in a Product Based Company In Bangalore. My CTC is 8LPA around 55k hits my bank account. In next 5 months I’ll have 1 yr
www.naukri.com,No title,No description
www.progressive.in,"IT Company in Delhi, NCR | Progressive Infotech",Partner with one of the most trusted IT companies in Delhi and eliminate IT issues with comprehensive managed IT services to secure your business operations.
www.theceo.in,Best IT Companies in Delhi NCR to work | The CEO Magazine India,"Best IT Companies in Delhi NCR to work , If you are in Delhi & looking for job in IT company, then consider these companies."
www.teamblind.com,Your Anonymous Workplace Community - Blind,No description
www.quora.com,What are some software product based companies in Delhi/NCR side for Java? - Quora,"This answer is in Indian context: This is a genuine question. Like there is no demand of a carpenter who can use only one tool ( like hammer), similarly there is no demand of software engineering professional in the industry who knows only one too..."
www.placementpreparation.io,Top Product Based Companies in Delhi NCR 2024 [Updated List],Looking for the top product-based companies in Delhi NCR? Check out our comprehensive list featuring the leading Product Based Companies based in Delhi NCR.
www.ppgassociation.com,"
	Information Technology and IT Companies in Patparganj Delhi-NCR | PPGA
","Patparganj F.I.E Association – Find the list of registered Information Technology companies in Patparganj Industrial Area Delhi-NCR, India.Visit us to know more."
in.indeed.com,Blocked - Indeed.com,No description
www.linkedin.com,Mobile Development Companies in Delhi NCR for 2024,"The digital transformation era is upon us, with mobile applications at its core, driving innovation and shaping the future of businesses. In the heart of India's bustling tech scene, Delhi NCR, a myriad of mobile development companies are pioneering solutions to meet this ever-growing demand."
listing.yogleads.com,List Of Multinational Companies In Delhi Ncr,"Get contact details of List Of Multinational Companies In Delhi Ncr including mobile, email, whatsapp & GST number and turnover details."
en.wikipedia.org,Category:Companies based in New Delhi - Wikipedia,No description
www.india-briefing.com,Delhi NCR – An Emerging IT Hub in India - India Briefing News,"Learn how Delhi NCR is emerging as India’s foremost IT hub, benefiting from strong infrastructure, funding opportunities, and government incentive schemes."
www.vcsdata.com,Not Acceptable!,No description
www.99datacd.com,List of Companies in Delhi | NCR Company List,"Database Provider in Delhi - Get a verified list of companies in Delhi NCR at 99DataCd.com in Excel format with name, email, phone no., website, & more."
Domain,Title,Description
www.designrush.com,Attention Required! | Cloudflare,No description
www.techasoft.com,Top 50 IT Companies In Delhi,Searching for IT Companies in Delhi? Here is a list of the top IT and software companies in Delhi which are an excellent option and trustworthy one in this city.
selectedfirms.co,Best IT Services Companies in Delhi NCR | Reviews | Reviews | October 2024,Searching for the Top IT companies in Delhi? Check our curated list of the best IT companies in Delhi NCR based on verified reviews and ratings.
www.goodfirms.co,Just a moment...,No description
themanifest.com,The Best IT Services Companies in Delhi - Oct 2024 | The Manifest,"Find the best IT Services company for your needs. Learn about IT Services vendor pricing, industry expertise, & read review summaries."
clutch.co,Just a moment...,No description
www.your-space.in,Top 11 Best IT companies in Delhi NCR,Looking for the best IT companies in Delhi NCR? Checkout the list of top IT/software companies that offer high-quality services.
www.techquenchsolution.com,Best IT Solution and Services Company in Delhi NCR - Techquench,"Techquench Solution is the Best IT Solution Company located in Delhi NCR, We provide complete IT Solution Services. Business Growth, Increase ROI, Great Results "
www.wroffy.com,Managed IT Services India | IT Solutions Provider | Gurgaon & Delhi,"Wroffy is leading Managed IT Services Provider in India provides cost effective, flexible and scalable IT Solutions & IT Support in Gurgaon, Delhi & Noida."
builtindelhi.in,20 Top IT Companies in Delhi | Built In Delhi,"Ranging from local standouts to multinational corporations, this list takes a closer look at the companies that are shaping Delhi’s IT sector."
systemsgo.asia,No title,No description
www.naukri.com,,No description
www.ncritsolutions.com,Not Acceptable!,No description
www.ambitionbox.com,Access Denied,No description
c9soft.com,Not Acceptable!,No description
www.glassdoor.co.in,No title,No description
www.progressive.in,"IT Company in Delhi, NCR | Progressive Infotech",Partner with one of the most trusted IT companies in Delhi and eliminate IT issues with comprehensive managed IT services to secure your business operations.
www.midaswebtech.com,"Web Development | Software Development Company in Delhi, NCR, India","Midas IT Services is an ISO German certified IT company in web development, software development, mobile application, website designing services."
www.pyramidions.com,Top IT Companies in Delhi - 2024,Explore the Top IT Companies in Delhi for 2024: Unveiling Delhi's Booming IT Powerhouses and Shaping Your Tech Journey.
www.midaswebtech.com,"Outsourcing Software Development Services Company in Delhi, NCR, India","Scalable & customized & business-oriented offshore software development services by ISO German certified Midas Company from Delhi, India"
www.nobroker.in,The Best It Companies in Delhi and Where to Live Nearby,"Explore the top IT companies in Delhi for 2023, driving innovation and excellence. Find the perfect tech partner for your business growth and digital transformation."
www.linkedin.com,"Top 30 Tech Companies in Delhi-NCR

",Deciding Factors: Here are the factors I have considered to select a good product based Tech (mainly IT / Software) company: 1. Toughness of interviews (Quality of Developers they hire) 2.
dir.indiamart.com,"Business IT Services, IT Services For Business in Delhi, बिजनेस आईटी सर्विस, दिल्ली",No description
traffictail.com,Top IT Companies In Delhi,"From startups to global giants, Delhi's IT sector is booming! Discover the top IT companies in Delhi & find your dream tech job in India's tech hub."
www.easyleadz.com,List of Information Technology (IT) Companies in New Delhi,"Get List of Information Technology (IT) Companies in New Delhi with key contacts emails like CEO, CFO, HR Head, Marketing Head for free."
www.bain.com,New Delhi | Bain & Company,"In 2006, Bain's New Delhi office opened in the bustling suburb of Gurgaon, just shy of 20 miles from the capital. The office’s rapid-growth mentality mirrors that of the city, which is widely known as a financial and technological hotspot."
housing.com,No title,No description
www.theceo.in,Best IT Companies in Delhi NCR to work | The CEO Magazine India,"Best IT Companies in Delhi NCR to work , If you are in Delhi & looking for job in IT company, then consider these companies."
www.ironmountain.com,403 Forbidden,No description
www.justdial.com,Access Denied,No description
services.global.ntt,Delhi NCR data centers | NTT,Our Delhi NCR data centers are perfectly situated to meet the data center requirements of local enterprises and government organizations. Learn more. 
www.stanzaliving.com,IT Companies in Delhi,The top 15 IT/software companies in Delhi are listed below. Your search will undoubtedly be made easier by this list.
in.linkedin.com,No title,No description
rozgar.com,"Explore the Top IT companies in Delhi NCR, with salaries in 2024","Browse the list of the top IT companies in Delhi NCR, along with high salary and growth opportunities for both freshers and experienced candidates"
www.naukri.com,No title,No description
www.techquenchsolution.com,Best IT Soution Company Services | IT Company Services,Techquench is an award-winning IT Solution Company. Techquench is the Top Leading next-generation providing IT Company Services in Delhi.
www.quora.com,What are the top 10 IT companies in the Delhi/NCR region? - Quora,"I am above 41 years of age and possess 15+ years of experience in various verticals of IT. My contentions are: 1. 70 percent of them or even more are frauds, big frauds. I repeat 2. Except except except I repeat branded names and few established c..."
zolostays.com,Top 15 IT Companies in Delhi - Zolo Blog,Are you an IT fresher looking for jobs in Delhi and NCR? Let’s look at the top 15 IT companies in Delhi that you can work for and grow your career.
blog.internshala.com,Top 12 IT Companies in Delhi for 2024 | Internshala,Discover the list of top Top IT Companies in Delhi for 2024. Learn about salary packages and employee benefits to steer your professional journey.
dir.indiamart.com,"IT Solutions, IT Distribution Services in Delhi, इट सॉल्यूशन्स, दिल्ली",No description
datamites.com,What are the Best IT Companies in Delhi? - DataMites Offical Blog,
setupit.in,"IT Infrastructure Management Services Delhi, Noida Gurgaon","Setup IT - Finest Infrastructure Management Services in Delhi, Noida, Gurgaon for Businesses Assistance When Planning, Managing or Changing Their It Environment."
www.justdial.com,Access Denied,No description
www.ppgassociation.com,"
	Information Technology and IT Companies in Patparganj Delhi-NCR | PPGA
","Patparganj F.I.E Association – Find the list of registered Information Technology companies in Patparganj Industrial Area Delhi-NCR, India.Visit us to know more."
www.quora.com,What are some good IT companies to work with in NCR region? - Quora,"As Disha Goyal has already covered all the top companies in NCR, Now let&#039;s see some &#039;Good&#039; companies in which there are more chances to get hired for a good as well as average student. 1. TCS 2. Sopra 3. Adobe 4. Flipkart 5. Amazon 6. Mind Tree 7...."
www.ambitionbox.com,Access Denied,No description
medium.com,Top 15 IT Companies in Delhi-NCR [2024] | Medium,"As of 2024, the top 15 IT companies in the Delhi-NCR: #1 SYNARION IT SOLUTIONS. #2 TCS. #3 Wipro. #4 Experion Technologies. #5 Algoworks. #6 Infosys. #7 Techasoft"
en.wikipedia.org,Information technology in India - Wikipedia,No description
marketinghack4u.com,21 Best IT Companies in Delhi NCR 2024,"Looking for IT companies in Delhi NCR? Here's a curated list of top-rated companies providing tech solutions, services, and innovation."
Domain,Title,Description
clutch.co,Just a moment...,No description
astuteos.com,Top Managed Services Provider I MSP Industry Delhi India,
zindagitech.com,Managed IT Services – Zindagi technologies,No description
www.infiegrity.com,IT Infrastructure & Managed IT Service Provider in Delhi,Find IT infrastructure managed services in Delhi. we are one of the best it managed services companies in Delhi. Call now at +91 997-920-2078.
www.wroffy.com,Managed IT Services India | IT Solutions Provider | Gurgaon & Delhi,"Wroffy is leading Managed IT Services Provider in India provides cost effective, flexible and scalable IT Solutions & IT Support in Gurgaon, Delhi & Noida."
www.designrush.com,Attention Required! | Cloudflare,No description
rushkar.com,IT Managed Services | Top Managed IT Service Providers Company India,With the 10+ years of experience Rushkar is also providing the best IT managed service provider to their clients globally.
elioplus.com,Best Managed IT Service Providers near you in New Delhi,"Discover all the IT companies near you, in New Delhi, that offer Managed IT Services to help you implement, support and maintain your IT infrastructure and applications."
www.jsrnetsol.com,Managed Services - Data Center Facility Management Distributor / Channel Partner from New Delhi,"Distributor / Channel Partner of Managed Services - Data Center Facility Management, IT AMC Services, System Integration Service and Data Center Infrastructure Maintenance offered by JSR Netsol Private Limited, New Delhi, Delhi."
www.linkedin.com,Top 10 IT Managed Service Providers India (2024),"In the rapidly evolving landscape of technology, having a reliable IT Managed Service Provider (MSP) is crucial for maintaining competitiveness and operational efficiency. This article highlights the top 10 trusted IT Managed Service Providers in India for 2024, showcasing their expertise, services,"
goognu.com,DevOps Managed Services in Delhi | Goognu,Goognu offers top-notch DevOps Managed Services in Delhi. Streamline your operations and enhance efficiency with our expert solutions. Contact us now!
dir.indiamart.com,"Managed IT Services, IT Managed Services in India",No description
www.teamplusindia.in,Top Managed Service Providers in India,"IT Staffing Company in Pune India, Contract Staffing company in Pune, Hyderabad, Offshore staffing company in Pune India,"
www.pmexpertinc.com,"Managing Successful Programmes (MSP)® | MSP Training in Delhi | MSP Certification Training in Delhi, NCR, Noida, Pune",Managing Successful Programmes (MSP)®
mspaa.net,Managed Service Providers | Managed Service Provider near me,"Managed Service Providers, can help pave the way for companies to focus on their core operations. Find a Managed Service Provider near me."
aptrondelhi.in,Best MSP MS Project Training in Delhi | MSP MS Project Course in Delhi | MSP MS Project Institute in Delhi,The best MSP MS Project training institute in delhi provided by APTRON. MSP MS Project Courses & Classes in Delhi deliver by APTRON Corporate trainers with Real time Projects
www.itarian.com,MSP Providers List | List of Best Managed Service Providers,MSP Providers List offered by technology User and target the hottest leads for MSP companies and businesses. Get Started Now!
dir.indiamart.com,"Managed IT Services, IT Managed Services in New Delhi, मैनेज्ड आईटी सर्विस, न्यू देल्ही",No description
www.crn.com,The 2024 Managed Service Provider 500,"IT procurement continues its rapid shift to a services-led model in the channel. Once again we present the annual CRN MSP 500, the comprehensive list ..."
mspindiasummit.com, MSP India Summit 2024 ,No description
www.naukri.com,No title,No description
www.connectwise.com,MSP Platform of Software & Solutions for Managed IT Services | ConnectWise,"Explore ConnectWise's best-in-class MSP platform software for managed service providers, including automated IT management, remote support, and cybersecurity solutions."
www.trendmicro.com,Become a Managed Service Provider (MSP) | Trend Micro (IN),Apply to become a managed service provider (MSP) of Trend Micro.
duo.com,Duo MSP Program | Duo Security,Duo’s modern approach to security deserves a modern program approach for our Managed Service Providers (MSP). That means a partner program that provides you with simple-to-set-up security solutions that easily scales with your business.
www.cisco.com,Cisco Partner Managed Services - Cisco,"Cisco Partner Managed Services streamline IT complexity, accelerate business growth, build recurring revenue, and enhance customer relations."
www.kellyocg.com,Managed Service Provider | KellyOCG,KellyOCG invented MSP and our Managed Service Provider solution gives organizations of all size access to the best contingent talent and solutions.
www.upwork.com,Just a moment...,No description
www.ninjaone.com,403 Forbidden,No description
www.acronis.com,Best Managed Service Providers (MSP) Software for 2024,"Data powers every business’ bottom line. It’s no wonder then, that companies are outsourcing their IT needs more than ever, relying on the expertise offered by professional managed service providers (MSPs). For MSPs, this means that the MSP software they use is more important."
www.sygitech.com,How Small Businesses in India Benefit from Managed IT Services - Sygitech,This article will help you explore the various ways small businesses in India can benefit from managed IT services.
blazeclan.com,What is a Managed Service Provider? (MSP),A managed service provider (MSP) proactively manages IT systems for organizations even as preventing any downtime or security issues. Partnering with an MSP brings optimized productivity and effectiveness to organizations.
synoptek.com,Top Reasons to Choose a Managed Services Provider | Synoptek,The day-to-day management of complex IT systems has become increasingly challenging. Uncover the top 15 benefits of engaging an MSP for 24/7 support.
www.freshworks.com,ERROR: The request could not be satisfied,No description
www.arubanetworks.com,Access Denied,No description
www.kaseya.com,403 Forbidden,No description
www.ninjaone.com,403 Forbidden,No description
www.trendmicro.com,Become a Managed Service Provider (MSP) | Trend Micro (US),Apply to become a managed service provider (MSP) of Trend Micro.
cloud.google.com,Partner Advantage Managed Services Providers | Google Cloud,Google Cloud MSPs offer project-based and managed services to help companies reduce costs and time to market. Find a Managed Services Provider.
www.konverge.co.in,Not Acceptable!,No description
www.crn.com,The 2023 Managed Service Provider 500,The Top Managed Service Providers and Consultants in North America
en.wikipedia.org,Managed services - Wikipedia,No description
www.purestorage.com,MSP Managed Service Provider Solutions | Pure Storage,"Everything MSPs need today. Get data storage solutions for all your customer challenges: cost pressures, operational inefficiency, hyperscalers, and keeping up with competitors."
global.hitachi-solutions.com,403 Forbidden,No description
www.allegisglobalsolutions.com,Managed Service Provider (MSP) Solutions,"Our managed service provider (MSP) solutions will help you control costs, increase compliance, and build your contingent workforce of tomorrow. "
mspalliance.com,MSPAlliance | Certifying MSPs for Over 20 Years,"MSP Alliance provides certification, audits, and compliance solutions to MSPs worldwide."
www.crowdstrike.com,What is a Managed Service Provider (MSP)? | CrowdStrike,Managed service providers (MSPs) offer IT and cybersecurity services to help organizations manage and optimize tech infrastructure. Learn more!
www.acronis.com,What is a Managed Service Provider (MSP)? - Acronis [2024 Update],"Managed service providers (MSP) are businesses that offer multiple, managed, information technology (IT) services to other businesses. MSPs today largely deliver their services remotely, over a network, although they may maintain other revenue streams that require onsite support."
www.forbes.com,What Is A Managed Service Provider (MSP)? – Forbes Advisor,"A managed service provider (MSP) manages one or more areas of business, from payroll and HR to IT services and infrastructure. Here's what you should know."
www.cloud-kinetics.com,Best Practices For Working With Managed Service Providers,"True to the name, a managed service provider (MSP) manages and delivers critical services to clients that require its expertise and experience to maintain business continuity on an everyday basis."
